{"cameraMode":{"drawMode":0,"name":"Shaded","section":"Shading Mode"},"sceneLighting":true,"audioPlay":false,"sceneViewState":{"m_AlwaysRefresh":false,"showFog":true,"showSkybox":true,"showFlares":true,"showImageEffects":true,"showParticleSystems":true,"showVisualEffectGraphs":true,"m_FxEnabled":true},"in2DMode":false,"pivot":{"x":-52.26709747314453,"y":1.3942070007324219,"z":-43.151371002197269},"rotation":{"x":0.0049737864173948769,"y":0.9909287691116333,"z":-0.12974606454372407,"w":0.03713588789105415},"size":0.55901700258255,"orthographic":true}