{"cameraMode":{"drawMode":0,"name":"Shaded","section":"Shading Mode"},"sceneLighting":true,"audioPlay":false,"sceneViewState":{"m_AlwaysRefresh":false,"showFog":true,"showSkybox":true,"showFlares":true,"showImageEffects":true,"showParticleSystems":true,"showVisualEffectGraphs":true,"m_FxEnabled":true},"in2DMode":false,"pivot":{"x":-52.10961151123047,"y":2.2743418216705324,"z":-41.14534378051758},"rotation":{"x":0.00579490652307868,"y":0.9841403365135193,"z":-0.17481055855751038,"w":0.032153867185115817},"size":1.554054856300354,"orthographic":true}