{"cameraMode":{"drawMode":0,"name":"Shaded","section":"Shading Mode"},"sceneLighting":true,"audioPlay":false,"sceneViewState":{"m_AlwaysRefresh":false,"showFog":true,"showSkybox":true,"showFlares":true,"showImageEffects":true,"showParticleSystems":true,"showVisualEffectGraphs":true,"m_FxEnabled":true},"in2DMode":false,"pivot":{"x":-53.066200256347659,"y":1.8072789907455445,"z":-40.99626922607422},"rotation":{"x":0.0021260755602270366,"y":0.9845978617668152,"z":-0.17489352822303773,"w":0.011480881832540036},"size":2.0222697257995607,"orthographic":true}