{"cameraMode":{"drawMode":0,"name":"Shaded","section":"Shading Mode"},"sceneLighting":false,"audioPlay":false,"sceneViewState":{"m_AlwaysRefresh":false,"showFog":true,"showSkybox":false,"showFlares":true,"showImageEffects":true,"showParticleSystems":true,"showVisualEffectGraphs":true,"m_FxEnabled":true},"in2DMode":false,"pivot":{"x":-2.9802322387695315e-8,"y":-0.00029940903186798096,"z":2.9802322387695315e-8},"rotation":{"x":0.16146495938301087,"y":0.6248382925987244,"z":-0.1341591328382492,"w":0.7520073652267456},"size":0.4546634256839752,"orthographic":false}