{"cameraMode":{"drawMode":0,"name":"Shaded","section":"Shading Mode"},"sceneLighting":false,"audioPlay":false,"sceneViewState":{"m_AlwaysRefresh":false,"showFog":true,"showSkybox":false,"showFlares":true,"showImageEffects":true,"showParticleSystems":true,"showVisualEffectGraphs":true,"m_FxEnabled":true},"in2DMode":false,"pivot":{"x":-0.8349788784980774,"y":-0.36242440342903139,"z":-1.0155011415481568},"rotation":{"x":0.16375257074832917,"y":0.7360454201698303,"z":-0.19186832010746003,"w":0.6281857490539551},"size":2.896731376647949,"orthographic":false}