{"cameraMode":{"drawMode":0,"name":"Shaded","section":"Shading Mode"},"sceneLighting":false,"audioPlay":false,"sceneViewState":{"m_AlwaysRefresh":false,"showFog":true,"showSkybox":false,"showFlares":true,"showImageEffects":true,"showParticleSystems":true,"showVisualEffectGraphs":true,"m_FxEnabled":true},"in2DMode":false,"pivot":{"x":80.65718078613281,"y":1.5914925336837769,"z":16.314218521118165},"rotation":{"x":-0.07155950367450714,"y":0.3598852753639221,"z":-0.02770424447953701,"w":-0.9298579096794128},"size":0.5096884369850159,"orthographic":false}