{"cameraMode":{"drawMode":0,"name":"Shaded","section":"Shading Mode"},"sceneLighting":false,"audioPlay":false,"sceneViewState":{"m_AlwaysRefresh":false,"showFog":true,"showSkybox":false,"showFlares":true,"showImageEffects":true,"showParticleSystems":true,"showVisualEffectGraphs":true,"m_FxEnabled":true},"in2DMode":false,"pivot":{"x":0.22641512751579286,"y":0.199062317609787,"z":-0.08892489969730377},"rotation":{"x":0.12462802231311798,"y":0.7751712203025818,"z":-0.16157780587673188,"w":0.5978955626487732},"size":0.6991919279098511,"orthographic":false}