{"cameraMode":{"drawMode":0,"name":"Shaded","section":"Shading Mode"},"sceneLighting":true,"audioPlay":false,"sceneViewState":{"m_AlwaysRefresh":false,"showFog":true,"showSkybox":false,"showFlares":true,"showImageEffects":true,"showParticleSystems":true,"showVisualEffectGraphs":true,"m_FxEnabled":true},"in2DMode":false,"pivot":{"x":-54.483001708984378,"y":3.057000160217285,"z":-15.710000038146973},"rotation":{"x":0.04738052561879158,"y":0.7038354277610779,"z":-0.04715663194656372,"w":0.7072204947471619},"size":1.5919197797775269,"orthographic":false}