{"cameraMode":{"drawMode":0,"name":"Shaded","section":"Shading Mode"},"sceneLighting":false,"audioPlay":false,"sceneViewState":{"m_AlwaysRefresh":false,"showFog":true,"showSkybox":false,"showFlares":true,"showImageEffects":true,"showParticleSystems":true,"showVisualEffectGraphs":true,"m_FxEnabled":true},"in2DMode":false,"pivot":{"x":0.04370104521512985,"y":0.11149816960096359,"z":-0.0705280750989914},"rotation":{"x":0.16146495938301087,"y":0.6248382925987244,"z":-0.1341591328382492,"w":0.7520073652267456},"size":0.8464510440826416,"orthographic":false}