{"cameraMode":{"drawMode":0,"name":"Shaded","section":"Shading Mode"},"sceneLighting":false,"audioPlay":false,"sceneViewState":{"m_AlwaysRefresh":false,"showFog":true,"showSkybox":false,"showFlares":true,"showImageEffects":true,"showParticleSystems":true,"showVisualEffectGraphs":true,"m_FxEnabled":true},"in2DMode":false,"pivot":{"x":0.003621906042098999,"y":-0.004530176520347595,"z":-0.00003962218761444092},"rotation":{"x":0.16375257074832917,"y":0.7360454201698303,"z":-0.19186832010746003,"w":0.6281857490539551},"size":0.4382030963897705,"orthographic":false}