{"cameraMode":{"drawMode":0,"name":"Shaded","section":"Shading Mode"},"sceneLighting":false,"audioPlay":false,"sceneViewState":{"m_AlwaysRefresh":false,"showFog":true,"showSkybox":false,"showFlares":true,"showImageEffects":true,"showParticleSystems":true,"showVisualEffectGraphs":true,"m_FxEnabled":true},"in2DMode":false,"pivot":{"x":0.0037358254194259645,"y":-0.004623636603355408,"z":-0.00012323260307312012},"rotation":{"x":0.16375257074832917,"y":0.7360454201698303,"z":-0.19186832010746003,"w":0.6281857490539551},"size":0.4385540187358856,"orthographic":false}