{"cameraMode":{"drawMode":0,"name":"Shaded","section":"Shading Mode"},"sceneLighting":true,"audioPlay":false,"sceneViewState":{"m_AlwaysRefresh":false,"showFog":true,"showSkybox":true,"showFlares":true,"showImageEffects":true,"showParticleSystems":true,"showVisualEffectGraphs":true,"m_FxEnabled":true},"in2DMode":false,"pivot":{"x":502.3177185058594,"y":589.6718139648438,"z":37.01531982421875},"rotation":{"x":-0.045166175812482837,"y":-0.07543885707855225,"z":0.0034169629216194154,"w":-0.9961304068565369},"size":438.8648681640625,"orthographic":false}