{"cameraMode":{"drawMode":0,"name":"Shaded","section":"Shading Mode"},"sceneLighting":true,"audioPlay":false,"sceneViewState":{"m_AlwaysRefresh":false,"showFog":true,"showSkybox":true,"showFlares":true,"showImageEffects":true,"showParticleSystems":true,"showVisualEffectGraphs":true,"m_FxEnabled":true},"in2DMode":false,"pivot":{"x":99.77950286865235,"y":-6.02743673324585,"z":89.85869598388672},"rotation":{"x":0.026008957996964456,"y":0.46670228242874148,"z":-0.013697810471057892,"w":0.8839846253395081},"size":78.81708526611328,"orthographic":false}