{"cameraMode":{"drawMode":0,"name":"Shaded","section":"Shading Mode"},"sceneLighting":true,"audioPlay":false,"sceneViewState":{"m_AlwaysRefresh":false,"showFog":true,"showSkybox":true,"showFlares":true,"showImageEffects":true,"showParticleSystems":true,"showVisualEffectGraphs":true,"m_FxEnabled":true},"in2DMode":false,"pivot":{"x":-21.068721771240236,"y":9.066329002380371,"z":4.860116481781006},"rotation":{"x":0.09398632496595383,"y":0.8303557634353638,"z":-0.14750799536705018,"w":0.5290759205818176},"size":10.579763412475586,"orthographic":false}