{"cameraMode":{"drawMode":0,"name":"Shaded","section":"Shading Mode"},"sceneLighting":true,"audioPlay":false,"sceneViewState":{"m_AlwaysRefresh":false,"showFog":true,"showSkybox":true,"showFlares":true,"showImageEffects":true,"showParticleSystems":true,"showVisualEffectGraphs":true,"m_FxEnabled":true},"in2DMode":false,"pivot":{"x":-43.40870666503906,"y":0.13139954209327699,"z":6.206145286560059},"rotation":{"x":0.23600099980831147,"y":0.6833845973014832,"z":-0.25046178698539736,"w":0.6439386606216431},"size":14.57485294342041,"orthographic":true}