{"cameraMode":{"drawMode":0,"name":"Shaded","section":"Shading Mode"},"sceneLighting":false,"audioPlay":false,"sceneViewState":{"m_AlwaysRefresh":false,"showFog":true,"showSkybox":false,"showFlares":true,"showImageEffects":true,"showParticleSystems":true,"showVisualEffectGraphs":true,"m_FxEnabled":true},"in2DMode":false,"pivot":{"x":-0.0643746629357338,"y":-0.12170056998729706,"z":0.04639182984828949},"rotation":{"x":0.16146495938301087,"y":0.6248382925987244,"z":-0.1341591328382492,"w":0.7520073652267456},"size":0.9468284249305725,"orthographic":false}